<?xml version="1.0" encoding="utf-8" ?><dwsync><file name="chris.js" server="thejohnsmith.com" local="3395254778" remote="11985217832" /><file name="index.html" server="thejohnsmith.com" local="3395264361" remote="11985217832" /><file name="index.html.bak" server="thejohnsmith.com" local="3395260340" remote="11985217832" /><file name="jake-chat-server.js" server="thejohnsmith.com" local="3395260535" remote="11985217832" /><file name="jake-test-dont-use.html" server="thejohnsmith.com" local="3395255090" remote="11985217832" /><file name="jquery-1.6.2.js" server="thejohnsmith.com" local="3395247177" remote="11985217832" /><file name="jquery.json-2.2.js" server="thejohnsmith.com" local="3395251312" remote="11985217832" /><file name="jquery.tagsinput.min.js" server="thejohnsmith.com" local="3395253489" remote="11985217832" /><file name="jquery.websocket-0.0.1.js" server="thejohnsmith.com" local="3395254760" remote="11985217832" /><file name="json2.js" server="thejohnsmith.com" local="3395247144" remote="11985217832" /><file name="login.html" server="thejohnsmith.com" local="3395257916" remote="11985217832" /><file name="messaging.js" server="thejohnsmith.com" local="3395264254" remote="11985217832" /><file name="messaging.js.bak" server="thejohnsmith.com" local="3395255063" remote="11985217832" /><file name="out.html" server="thejohnsmith.com" local="3395256634" remote="11985217892" /><file name="QA.js" server="thejohnsmith.com" local="3395264452" remote="11985217892" /><file name="QA.js.bak" server="thejohnsmith.com" local="3395260449" remote="11985217892" /><file name="README.txt" server="thejohnsmith.com" local="3395248695" remote="11985217892" /><file name="WebSocketsServer.cs" server="thejohnsmith.com" local="3395248410" remote="11985217892" /></dwsync>